,Title,Date,Link,Journal,Subtitle,data
1,"[신년 인터뷰] 최문순 도지사 ""평창평화포럼 계기로 다시 평화 조성""",01.Dec.20,http://www.kado.net/news/articleView.html?idxno=1054635,강원도민일보,,"최문순 도지사는 “경제와 방역,그리고 강원도에서부터 시작되는 남북평화 분위기를 다시 확산하겠다”며 “한반도를 넘어 유라시아 대륙으로 뻗어나가는,액화수소열차로 건설할 계획을 갖고 있는 동해북부선 1호 탑승객으로 열차에 오르고 싶다”고 밝혔다.또 “강원도형 자치경찰제를 전국 표준 선도 모델로 만들겠다”고 약속했다. 최 지사는 강원도민일보와의 신년인터뷰를 통해 새해 도정운영 방향과 남북철도 연결사업 등을 비롯한 남북강원도 현안사업 로드맵,자치분권 현안 등에 대해 다양한 의견을 제시했다.최 지사와의 인터뷰를 싣는다. -도민들께 새해 인사 부탁드린다.새해 도정운영 방향은. “지난 한 해 코로나19 극복을 위해 함께 애써주신 도민 여러분들께 깊은 존경과 감사 인사를 올린다.올 한 해,도민 한 분 한 분 모두 코로나 바이러스로부터 안전한 한 해가 되시기를 충심으로 기원한다.2021년 새해는 코로나19를 퇴치하는 한 해가 돼야한다.도는 5개의 절대 과제를 선정했다.첫째 기후 변화와 재난 대응,둘째 저출산 고령화,셋째 빈부 격차와 일자리,넷째 남북 평화,다섯째 4차 산업혁명이다.” -전국 최초 액화수소 규제자유 특구 지정 등 강원형 뉴딜사업에 대한 성과가 많았다.올해 구체적으로 어떻게 추진되나. “기술,인력,자본,자원이 없는 불모지에서 강원도가 강원형 뉴딜사업을 통해 한국판 뉴딜사업에 성공적 진입을 보이고 있다.아직까진 계획단계이지만 새해에는 사업에 구체성을 담은 청사진을 공개하겠다.특히 액화수소의 경우 액화수소 플랜트를 설립,수소 자동차 등 수소 관련 인프라 확충에 집중할 계획이다.도 액화 수소 열차에 대한 직접 연구개발에도 착수,도민들이 체감할 수 있는 정책을 펼칠 예정이다.수열에너지 융복합 클러스터 사업도 올해 상반기 중에는 에너지 단지 착공을 실시할 계획이다.또 정밀의료 빅데이터 서비스 플랫폼 구축과도 연계하는 안도 추진된다.이밖에 강릉지역을 중심으로 한 희토류 미니파일럿 구축사업도 속도를 내겠다.” -53년 만에 복원되는 동해북부선 철도건설사업의 기본계획이 고시됐다.남북철도 연결사업이 본격화됐는데. “강원도민일보에서 조기 착공의 원동력이 된 ‘70년 침묵을 깨는 침목운동’을 추진,오랜기간 함께 해주셨다.감사하다.동해북부선은 통일을 위한 미래시대에 초점을 맞춘 사업이라는 점에서 의미가 있다.북쪽에서도 적극적으로 호응을 해줘서 하루 빨리 남북철도가 연결되길 소망한다.도는 이 남북철도 노선을 액화수소철도 노선으로 만들 계획을 갖고 있다.남북철도를 넘어 중국,러시아 등 유라시아 대륙으로 뻗어 나가기 위해서는 액화수소철도가 필수적이다.각 나라별로 철도 시스템과 철도 궤도의 폭이 달라 기존 고속열차로는 전 대륙 연계가 한계가 있다.하지만 도가 추진하는 액화수소열차는 한번 충전으로 삼척에서 베를린까지 1만㎞ 이상 이동이 가능하다.또 수소에너지 활용이 가능한 광폭 궤도 장치 기술도 개발된 상태여서 대륙철도를 달릴 수 있는 기술적 문제도 해결된 상태다.액화수소열차를 타고 동해북부선 1호 탑승객으로 참여하고 싶다.” -상반기 발표되는 강원도 주요 교통SOC사업 국가계획이 예고돼 있다.향후 전망은? “강원도 교통SOC사업은 큰틀이 거의 완성된 단계다.양양고속도로와 춘천∼속초 동서고속화철도 등이 대표적이다.그동안 교통 오지로 평가받던 남부 지역의 경우 최근 제천∼영월 고속도로 건설사업이 정부 예비타당성조사를 통과,사업 추진이 확정됐다.영월을 넘어 삼척까지 연결되는 것도 단계적 사업추진으로 가능할 것으로 전망된다.다만,그때까지 시간이 너무 걸린다는 것은 문제다.이 문제를 해결하기 위해 도내 폐광지역인 태백과 정선에 응급조치를 실시해야한다.과거에 석탄을 나르기 위한 철도가 깔려져 있는 만큼 국토교통부와 협의해 올해 이곳에 ITX를 도입하는 안을 우선 추진할 계획이다.시속 250㎞ 열차가 운영되면 수도권에서 태백ㆍ삼척까지 2시간 정도가 소요,관광코스를 개발해 큰 효과를 볼 수 있다.숙원사업인 용문∼홍천간 철도건설사업 역시 국가철도망계획에 사활을 걸고 있는 만큼 크게 비관할 필요는 없다.” -전국 최초로 대통령소속 지방분권위원회와 자치경찰제 현안 간담회를 가졌다.강원도자치경잘제 성공 안착 방안은. “올해 1월부터 시행되는 자치경찰제는 누가 제일 먼저 표준을 만드는 지가 중요하다.자치경찰제 운영을 위한 조례와 시행령을 만들어야 하지만 아직 이에 대한 구체적인 그림들이 없다.도는 세부적인 내용을 담아서 강원도만의 자치경찰체 표준안을 만들 계획이다.남을 뒤따라 가는 것이 아니라 우리가 표준을 만들어 앞장서 가겠다.오는 4일 강원도와 강원경찰청이 첫 협약을 맺는다.강원자치경찰제 도입을 알리는 역사적인 날이 될 것이다.” -전국 최초 코로나19 긴급재난지원금 지급 등 강원도가 선도한 정책들이 국가 정책으로 반영되고 있다.포스트코로나 시대,로컬(Local)의 중요성이 커지고 있는데. “코로나19가 주는 교훈 중의 하나가 바로 분산이다.대도시의 경우,일구 밀집도가 높아 사회적 거리두기가 가능하지 않다.하지만 지역으로 분산되면 저절로 사회적 거리두기가 이뤄질 수 있다.국가행정도 이런 부분을 적극 지원해야 한다.지역으로 분산돼 살더라도 국민 모두가 경제활동,문화활동 등을 충분히 영위할 수 있는 제도와 시스템 구축이 필요하다.이것이 바로 디지털화다.기업,상점,시민 등 모든 영역에서 디지털화를 추진,말 그대로 ‘거리’가 필요 없는 시스템을 만들어야 한다.강원도도 디지털 도정을 펼칠 준비를 하고 있다.원격으로 화상회의를 열고 결재 시스템을 구축하는 등 다양한 시도들이 진행된다.다만 단점도 있다.서로 마주보고 있지 않다보니 재미가 없다는 점이다.사람이 딱딱해지고 재미가 없어지게 되는 것은 아쉽다(웃음).” -코로나19 여파로 평창평화포럼도 온ㆍ오프라인 하이브리드로 전환됐다.뉴욕 필하모닉 공연도 추진하는데 가능한가. “코로나19 때문에 난관이 많다.초청 공연단 숫자를 줄였다 늘렸다하고 있는데 아무래도 초청이 어려울 것 같아 온라인으로 해볼 생각을 하고 있다.” -1월에 북한의 8차 당대회가 열린다.이를 기점으로 남북관계의 변화와 관련 정책도 궤도 수정이 이뤄질 것 같은데 대북 전망은. “아직 이렇다 할 전망은 고민하지 않고 있다.다만 국책기관들의 연구와 북측 동향 등을 종합해보면 1월에 열리는 당대회가 남북평화분위기 조성의 분기점이 될 것이라는 기대를 갖고 있다.서로 냉각기간을 가졌으니 새해에는 새로운 일들을 해봤으면 한다.2021평창평화포럼을 계기로 평창 평화올림픽을 통해 울려퍼졌던 평화가 다시 확산되기를 소망한다.” -다보스 포럼 연사 참여 등 강원도만의 대북평화 메시지 전달에도 노력하고 있지 않나.영어 공부도 매일 하고 있다고 들었다. “그렇다.영어 공부를 하루에 한 시간씩 하고 있다.오전에 약 1시간 정도 열심히 하고 있다.지난해 7월 즈음 시작했는데,나이가 있다 보니 어렵긴 하다.열심히는 하고 있다.(웃음)” -요즘 읽고 계신 책은. “요즘에는 팬데믹(세계적 대유행)에 관한 책을 많이 읽고 있다.책을 여러개 보고 있다.제목은 음....대체로 코로나19에 관한 책을 많이 읽고 있다.” -레고랜드 테마파크 건설사업이 정상 추진될지에 대한 우려가 많다.전망은. “건설현장에 사소한 문제는 늘 있다.큰 틀에서는 70% 정도,외관은 거의 다 됐다.올해 7월까지는 대체로 공사가 완료될 전망이다.지금까지 흐름으로 보면 큰 문제는 없을 것 같다.시범개장을 할지,부분개장을 할지는 아직 검토 중이다.코로나19 탓이 큰데 전면 개장을 하려면 방역인력을 채용해야 한다.섣부르게 관련 인력을 전부 채용했다가 코로나 상황으로 인해 개장이 미뤄지게 될 경우에는 재정부담이 커질 수밖에 없다.멀린사도 향후 코로나19 백신 등 치료제 도입 상황을 보면서 종합적 판단을 한다는 입장이다.전면개장은 2022년 봄을 예상한다.” -여권 대선 후보 잠룡으로 거론된다.당내 경선 어떻게 보시나. “이때 즈음되면 선거가 달아올라야 하는데 코로나19사태 때문에 달아오르지 못하고 있다.워낙 상황이 엄혹하고 경제적으로 힘들다보니 부산,서울시장 보궐선거 출마자들도 나오지 못하고 있다.대선은 더욱 그렇다.일단 재난극복에 힘을 모아야 한다.그 결과가 서울시장,부산시장 선거는 물론 향후 대선으로 연결될 가능성이 높다.” -새해 특별한 계획 있으신가. “코로나19 상황으로 인해 특별한 계획은 사실,없다.본의 아니게 가족적인 분위기를 연출하게 됐다.술 안마시고 밤 12시 전에 들어온 적이 없는데,요새는 ‘땡돌이’가 됐다.정신은 맑고 좋은데 마음은 허전하다.(웃음)” -새해 설계 키워드는 무엇인가. “외웠는데 잊어버렸다.(웃음) 엊그제 발표된 통계에서 도 경제성적이 전국 3위를 했다.1위인 세종시는 특별한 경우다.실질적 1위는 대전이고,다음으로 강원도다.도 경제력이 상승세를 탔다.1인당 소득도 높아졌다.올해,내년을 잘 버티면 낙후돼있는 상황은 벗어날 것으로 본다.강원 경제 활성화를 위한 총력전에 나서겠다.” 진행/박지은 정치부장ㆍ정리/박명원"
2,희망이 된 '대구형 희망일자리'…1만6천685명 참여,01.Dec.20,https://news.imaeil.com/Economy/2020120113515371230,매일신문,"'역대 최대 규모 공공일자리'…대구시 ""내년도에도 확대할 수 있도록 노력""","지난해 대출을 받아 대구 한 시장에 분식집을 차린 A(52) 씨. 잦은 사업 실패로 어려운 상황이었지만 마지막 희망이라는 생각으로 창업을 결심했다. 그러나 올해 초 코로나19 충격으로 하루 10만원이던 매출이 1만원대로 떨어지게 되자 가게 문을 닫을 수밖에 없었다.   택배 등 일용직을 전전하던 A씨는 인근 노숙자 쉼터로 발걸음을 옮기다 지푸라기라도 잡는 심정으로 행정복지센터를 찾았다. 그곳에서 '대구형 희망일자리 사업' 참여자를 모집한다는 소식을 들은 A씨는 지난 8월부터 이달까지 대구 한 구청 세무과에서 일했다.   A씨는 ""번호판 영치, 체납세 징수 등 행정 사무를 도우면서 나도 일을 할 수 있다는 자신감을 갖게 됐다""라며 ""틈틈이 시간을 내서 최근 버스 운전 면허증 취득했다""라고 말했다.   코로나19 충격을 극복하기 위해 지난 8월부터 시작된 대구형 희망일자리 사업이 이달 종료된다. 공공분야 일자리 사업으로는 역대 최대 규모로 치러진 대구형 희망일자리 사업은 실직자 등 취약계층에게 희망이 됐다는 평가를 받는다.   대구시에 따르면 이달 1일 기준 대구형 희망일자리를 거쳐 간 시민은 모두 1만6천685명이다. ▷실직자 4천39명 ▷휴폐업 자영업자 941명 ▷특수고용, 프리랜서 578명 ▷장애인 566명 ▷여성가장 352명 ▷한부모 가정 152명 ▷저소득층 2천766명 ▷청년 및 기타 취업취약계층 7천291명 등 모두 코로나19로 피해를 본 시민들이었다.   유형별로는 50대가 4천920명(29%)으로 가장 많았고 60대 이상(3천941명·24%)과 40대(3천683명·22%)가 뒤를 이었다. 2, 30대는 각각 2천72명(12%), 2천69명(12%)이었으며 여성(64%)이 남성(36%)보다 2배 가까이 많았다.   참여 전 직업을 묻는 질문에는 무직이 4천695명(28.13%)으로 대부분을 차지했고 일용직(3천765명·22.56%)과 서비스업(2천77명·12.44%), 자영업(1천893명·11.34%)이 뒤를 이었다.   생활방역지원과 환경 개선, 공공업무지원 사업 등에 참여한 시민들은 사업별 장소에서 주 15~40시간씩 근무하며 매월 67~180여만원(시급 8천590원)의 급여를 받았다. 대구시는 추진 과정상 미흡했던 점을 보완하고 참여자들의 각종 사연을 담은 자료집도 펼 예정이다.   대구시 관계자는 ""공공일자리 자체가 업무 강도가 낮고, 질이 떨어진다는 지적도 있지만 긴급 희망 일자리마저 없었다면 이겨내기가 더 힘들었을 것""이라며 ""내년도에도 관련 사업이 더 확대될 수 있도록 중앙정부에 지속해서 건의할 계획이다""라고 말했다."
3,[내가 읽은 책] 2030 축의 전환 (마우로 F. 기옌/ 리더스 북 /2020),01.Dec.20,https://news.imaeil.com/Society/2020120114201820181,매일신문,"미래의 파도, 그 너머를 보자!","2030 축의 전환 (마우로 F. 기옌/ 리더스 북 /2020)     '2030 축의 전환'은 국제 비지니스 분야에서 세계적인 전문가로 불리는 마우로 F. 기옌이 쓴 10년 후 세계에 관한 7년간의 연구를 모은 저서이다. 사회학과 정치경영학을 연구하고 국제경영학을 강의하고 있는 저자는 2030년을 모든 변화의 물결이 응집해 폭발할 시기로 예측하고 있다. 말하자면 '2030년이 되면 세계의 지각변동은 어떻게 될까?'라는 질문에 대한 해답을 구해 '다음 세대' 앞에 미리 그들이 짊어지고 가야 할 것들을 내보이는 예견서이다.   '새로운 부의 힘을 탄생시킬 8가지 거대한 물결'이라는 부제대로 총 8장으로 나눈 뒤 각 장에 8가지 물결을 그려낸다. 제1장 '출생률을 알면 미래가 보인다'에서 20세기 이후 급진적인 인구 증가와 대륙별 인구수 변화가 미래 사회에 가져다줄 변화에 대해 먼저 이야기한다. 제2장 '밀레니얼 세대보다 중요한 세대'는 밀레니얼 세대와 실버 세대가 주축이 될 새로운 세대가 가져올 사회적 흐름을 분석하였다.   제3장 '새로운 중산층의 탄생', 제4장 '더 강하고 부유한 여성들에서는 강하고 부유해진 여성들에게 많은 기회와 선택의 자유가 주어진 이후 시작된 인구의 축 변화에서부터 세계 경제 변화를 논한다. 이어 출생률 감소와 인구 고령화, 밀레니얼 세대와 실버 세대가 주도하게 될 가까운 미래 2030년 세계의 중심축을 이동시킨다.   제5장 '변화의 최전선에 도시가 있다'에서는 유럽으로 온 이민자들의 부상, 사회적 흐름에 의한 세대구분의 변화를 차곡차곡 쌓고, 제6장 '과학기술이 바꾸는 현재와 미래', 제7장 '소유가 없는 세상', 제8장 '너무 많은 화폐들'에서 과학이 바꿀 미래, 공유 경제가 가져올 사유 재산의 부재, 연결의 힘, 네트워크 효과, 임시경제, 블록체인 기술, 디지털 화폐 등으로 현재와 미래의 간극을 세밀하게 좁혀 설명한다.   이와 같이 8가지의 거대한 물결을 넘은 뒤 저자는 처음의 질문, '중심축이 이동하고 세계의 질서가 재편되는 앞으로의 10년을 어떻게 준비할 것인가?'에 저자는 2030년 다가올 새로운 물결의 흐름을 놓치지 않도록 '멀리 보기'와 '다양한 길 모색하기'를 조언한다. 이른바 수평적 사고 7가지를 통해 물결의 흐름을 놓치지 않고 그 흐름에 올라타기를 권고하고 있다.   저자의 철저한 경제적인 관점, 돈의 흐름과 부의 재분배 중심의 해석은 멀게 느껴지고, 코로나19 이후 덧붙인 듯한 부분은 어쩔 수 없이 엉성해 보인다. 그럼에도 우리가 이 책을 한 번쯤 읽어야 할 목적과 이유는 분명 있어 보인다. 바이러스를 대하는 동서양의 차이! 마스크처럼 아주 작고 보잘것없는 안전핀을 갖고서라도 어떻게 대비하는가에 따라 결과가 달라지는 것을 배운 2020년이니 말이다. 너울처럼 덮쳐올지 모를 미래, 그 파도 너머를 볼 수 있었던 책이라고 기억될 것 같다.   서미지 학이사 독서아카데미 회원"
4,"예천군 희망일자리 경관조성 사업, 경제 활성화 교두보 역할",01.Dec.20,https://news.imaeil.com/Society/2020120111091550492,매일신문,"일자리 창출과 경관조성, 관광, 지역경제 활성화 등 시너지","경북 예천군이 추진하고 있는 '코로나19 극복 희망일자리' 경관조성 사업이 주목받고 있다. 지역에서 활동하는 미술 전공 근로자를 모집해 일자리 제공은 물론 벽화 조성을 통한 도시 미관도 개선하기 때문이다.   예천군은 희망일자리 사업 중 경관조성 부분에서 예천읍 한천교 산책로 옹벽과 은풍면, 감천면, 개포면 등 8곳에 벽화를 조성했다.   벽화는 코로나19로 지친 주민들에게 활력이 되고 있다. 한 주민은 ""코로나 때문에 여행을 못 다녀서 한 번씩 산책을 하며 대리 만족을 하고 있는데, 평소라면 그냥 지나쳤던 담벽에 그림이 그려져 다른 곳에 여행을 온 기분이 든다""고 말했다.   한편 예천군은 희망일자리 사업으로 ▷경관조성 ▷생활방역 ▷청년 행정도우미 ▷청년 사회적 경제 인턴 ▷학교 도우미 지원 등 5개 사업을 추진하고 있다."
5,"올 수능, 쉽다던 국어가 '변수'…예상 엎고 당락 가른다",01.Dec.20,https://news.imaeil.com/Society/2020120118121642976,매일신문,2021학년도 수능 가채점 분석…까다롭고 고난도 문제 많아||1등급 컷 2~4점 떨어질 듯…자연계열은 수학·국어 변수,"국어가 열쇠다. 코로나19 사태 속에 2021학년도 대학수학능력시험이 3일 치러졌다. 이후 학교, 학원가에서 가채점 결과를 바탕으로 다양한 분석이 쏟아지고 있는 가운데 인문·자연계열 모두 국어가 주요 변수일 것이라는 예상이 적지 않다.   이번 수능시험에서 수학 나형과 영어는 지난해 수능시험에 비해 어렵지 않았다는 분석이 주류를 이룬다. 인문계열 수험생이 주로 치르는 수학 나형은 평이한 수준이었다. 절대평가인 영어는 지난해에 이어 올해도 비교적 쉽게 출제됐다는 평가다.   이번 수능시험 결시율(13.17%·1교시 기준)은 역대 최대다. 모집단 숫자가 감소, 상위권 등급 인원 수가 줄고 수시 수능 최저학력기준을 충족하는 데도 비상이 걸릴 수 있는 문제다. 하지만 영어가 쉽게 출제돼 이같은 영향은 다소 줄일 수 있을 전망이다.   문제는 애초 예상과 달리 국어가 까다로웠다는 점이다. 1교시 후 문제지와 답안이 공개되자 교사들과 학원가 대부분 국어가 쉬웠다는 예상을 앞다퉈 내놨다. 하지만 수능시험이 끝난 뒤 하룻밤 사이 가채점 결과가 모이면서 흐름이 바뀌었다.   국어가 쉽다고 예상한 건 신유형과 고난도 문항이 눈에 띄지 않은 데다 독서 영역도 까다롭게 나오지 않았다는 분석 때문이다. 하지만 수험생들의 반응과 결과는 달랐다. 작년보다 1등급 커트라인이 2~4점 정도 떨어진 것으로 보이는 상황. 이를 두고 학습량이나 실전 연습이 부족했던 탓이라는 추정이 나온다.   이만기 유웨이교육평가연구소장은 ""인문계열 상위권과 자연계열 경우 국어와 수학 성적에 따라 당락이 결정될 가능성이 커졌다""며 ""변별력이 있는 수능시험에선 재학생들에 비해 졸업생들의 득점력이 높을 것으로 보여 이번 정시에선 여전히 졸업생의 강세가 예상된다""고 했다.   대구 고교 현장의 목소리도 비슷하다. 김지훈 경신고 교장은 ""국어가 애초 얘기와 달리 까다로웠다고들 한다. 최상위권도 쉽지 않다고 했다""고 했다. 이인우 정화여고 교장은 ""전반적으로 학생들이 무난히 시험을 치렀다. 하지만 국어에 대해선 뒷말들이 좀 나온다. 이 점은 변수가 되지 않을까 싶다""고 했다."
6,"수능 가채점 분석…국어, 추론 문제 많고 난이도 올라 '알쏭달쏭'",01.Dec.20,https://news.imaeil.com/Society/2020120118141704348,매일신문,어려운 국어 당락 최대 변수,"3일 대학수학능력시험을 치른 수험생들은 9월 모의평가에 비해 전체적으로 비슷한 수준이거나 다소 어려웠다는 평을 내놓았다. 특히 일부 까다로운 문제가 출제된 국어 영역이 올해 입시에 많은 영향을 끼칠 것이라는 반응이다.   서울대 상경계열을 희망하는 경신고 이희완 학생은 ""코로나19로 인해 시험이 쉬워질 것이라는 예상도 많았는데, 예년과 크게 다르지 않은 난이도로 출제돼 다소 당황스러웠다""며 ""특히 국어가 평소에 비해 5~7점 떨어져 입시에 관건이 될 것 같다""고 말했다.   이어 ""국어 11번의 경우 품사와 문장 성분 개념을 완벽히 이해하고, 꼼꼼히 조건을 따져 예시들을 판별해야 해 어려웠다. 또 독서 지문의 길이가 짧은 6, 9월 모의평가 기조는 유지됐지만 선택지 난이도가 올라가 쉽게 느껴지진 않았다""고 덧붙였다.   특히 국어 영역에서 일부 지문이 어려웠다는 얘기도 나왔다.   대륜고 윤세형 학생은 ""독서가 까다로웠다. 정답의 근거가 지문에 그대로 적혀 있는 게 아니라 추론을 요구해 선택지를 고르고도 확신을 가질 수 없었다""며 ""지문 내용도 9월 모의평가는 예술·법·생명과학이었던 반면 이번엔 동양철학·법·기술이어서 조금 더 어렵게 느껴진 측면도 있다""고 말했다.   정화여고 최서영 학생은 ""채권·채무 관련 지문이 특히 어렵게 느껴졌다. 국어가 쉬웠다고 생각했다가 등급컷이 낮아 뒤통수를 맞는 친구들도 꽤 있을 것""이라고 했다.   정화여고 김가림 학생 역시 ""국어는 9월 모의평가보다 어려웠다. 국어를 친 뒤 온몸의 산소가 다 빠져나간 느낌이 들 정도였다""며 ""문법의 경우 꼼꼼히 읽지 않으면 틀릴 수 있겠다는 생각이 들었다. 문학은 비교적 수월하게 읽혔으나 앞 문제에 시간을 많이 들여 시간 압박을 느꼈다""고 말했다.   수학의 경우 가형은 어려운 반면 나형은 쉬웠다는 평이 많았다. 영어는 매우 쉬웠고, 탐구는 어려움을 느낀 것으로 보인다.   경신고 김동원 학생은 ""수학 가형, 탐구가 다소 어렵게 느껴졌고 영어는 쉬웠다""며 ""생명과학Ⅰ의 16번 문항이 신유형이라 특히 어려웠다. 친구들도 생명과학Ⅰ과 국어가 어려웠다고 한다""고 했다.   정화여고 최서영 학생은 ""사회문화가 굉장히 어렵게 출제된 것 같다. 친구들 사이에서도 사회문화가 어려웠다는 반응이 많다""고 전했다.   서울대 사회과학계열 진학을 희망하는 대륜고 이태하 학생은 ""사회문화가 매우 어려웠다. 도표 문제가 18, 20번에 모여 있어 시간 분배를 잘못했다면 큰일났을 것 같다""고 말했다.   코로나19로 수능이 2주 연기됨에 따라 예년보다 빠듯한 일정을 소화해야 하는 학생들은 가채점 이후 본격적으로 입시 준비에 돌입했다. 당장 5일부터 서울 주요대학은 수시 논술시험을 시행한다.   건국대는 오는 5일, 서강대·성균관대·한양대는 5∼6일, 경희대는 5∼7일 논술시험을 진행한다. 이어 연세대는 7∼8일, 이화여대와 한국외대는 12∼13일에 각각 논술을 치른다.   우연철 진학사 입시전략연구소장은 ""실제 입시 레이스는 수능 후부터 시작이라는 점을 명심해야 한다""며 ""가채점 점수에 일희일비하지 말고, 수능 최저학력기준 충족 여부를 확인해 남은 대학별고사에 집중해야 한다""고 조언했다."
7,영어는 작년보다 평이…수학 가형은 고난도,01.Dec.20,https://news.imaeil.com/Society/2020120118112300770,매일신문,국어는 최근 출제 경향 유지||영어 新유형 없어 1등급 많아질 듯||14일 정답 발표…성적은 23일 통지,"코로나19 확산 속에서 3일 전국 86개 시험지구 1천241개 시험장에서 치러진 2021학년도 대학수학능력시험은 대체로 평이한 수준이었다는 평가가 나오고 있다. 지난해 수능시험보다 수학 가형이 다소 어려웠을 뿐, 대체로 좀 더 쉬웠다는 분석이다.   입시업체들은 매 교시 시험이 끝난 뒤 한국교육과정평가원이 공개하는 문제지와 정답을 분석해 예상 난이도를 발표했다. 이들은 국어와 영어, 수학 나형이 지난해 수능시험과 비슷하거나 좀 더 쉬웠다고 입을 모았다.   국어는 지난해 수능시험과 난이도가 비슷하거나 다소 쉬웠다는 평가가 대부분이다. 화법, 작문 영역의 난이도는 평이했고 언어, 문학, 독서 영역 등도 최근의 출제 경향이 유지돼 그리 까다롭지 않았다. 하지만 수험생 사이에선 꽤 어려웠다는 얘기도 나오고 있다.   차상로 송원학원 진학실장은 ""대체로 교과서에 제시된 주요 개념이나 원리, 학습 활동 내용 등을 중심으로 학습했으면 풀 수 있는 문제들이 출제됐다""며 ""꼼꼼히 읽고 분석해야 하는 문학 영역의 40, 41번과 독서 영역의 36번 정도가 상대적으로 어려운 문제였을 것""이라고 했다.   절대평가인 영어도 지난해 수능시험 때보다 좀 더 쉽거나 비슷한 수준으로 출제됐다. 지난해 1등급 비율이 7.43%였는데 이번에는 이 비율이 약간 높아질 수도 있다는 의미다. 새로운 유형도 등장하지 않았다.   윤일현 지성학원 진학실장은 ""유형, 배점, 문항의 배열 순서 등 출제 방식이 전과 다르지 않았다""며 ""변별력이 있는 문항을 일부 끼워 두긴 했으나 대체로 어렵지 않은 수준이었다""고 했다.   반면 수학은 가형과 나형의 난이도 수준이 달랐다. 9월 모의평가, 지난해 수능시험과 비교할 때 가형은 좀 더 어려웠으나 나형은 다소 쉬웠던 것으로 분석됐다.   이만기 유웨이 교육평가연구소장은 ""가형은 다소 까다로웠지만 나형은 그리 어렵지 않았던 것으로 보인다. 고난도 문항이 쉽게 출제됐다""며 ""다만 나머지 문항의 난도가 그리 낮지 않아 나형도 체감 난도는 높았을 수 있다""고 했다.   수능시험을 주관하는 한국교육과정평가원은 수능시험 직후부터 7일 오후 6시까지 평가원 홈페이지(www.kice.re.kr) 내 전용게시판을 통해 문제와 정답에 대한 이의 신청을 받는다. 접수한 의견에 대한 심사를 거쳐 14일 오후 5시 정답을 최종 확정, 발표한다. 수능시험 성적은 23일 통지한다."
8,"부산상수도사업본부, 비대면 모바일 수도요금 ARS 납부서비스 시행",01.Dec.20,http://www.sedaily.com/NewsView/1ZBIJH6DYZ,서울경제,스마트폰 활용 수도요금 납부서비스,"부산시상수도사업본부는 7일부터 비대면 모바일 납부방식의 ‘보이는 수도요금 ARS 납부서비스’를 17개 시·도 상수도 분야 최초로 시행한다고 1일 밝혔다.  이는 은행 CD/ATM, 편의점 등을 활용한 방문형 수도요금 납부방식을 개선한 것으로, 스마트폰만 있으면 365일 언제 어디서나 수도요금을 편리하게 낼 수 있는 서비스다.  이번 서비스를 이용하고자 하는 시민은 우선 상수도사업본부 ARS 대표번호로 전화해 음성안내에 따라 보이는 ARS 파일을 설치(서비스 이용 첫 회에만 해당)해야 한다.  이후 스마트폰에 표출되는 화면에 따라 요금 조회 및 납부, 요금 자동납부 신청 및 해지, 자가 검침 등의 항목을 이용하면 된다. 특히 신용카드와 통장계좌를 통한 수도요금 자동납부를 신청하면 수도요금의 1%(최대 5,000원)를 할인 받을 수 있다.  이근희 부산시 상수도사업본부장은 “이번에 도입하는 서비스는 신종코로나바이러스감염증(코로나19)로 인해 비대면 납부방식을 선호하는 추세를 적극 반영한 것”이라며 “안전한 환경에서 스마트폰으로 수도요금을 편리하게 낼 수 있을 뿐만 아니라 공인인증서가 필요하지 않다는 강점도 있는 만큼 시민들의 많은 관심과 이용을 당부한다”고 말했다.  모두에게 익숙한 전화를 이용한 비대면 음성형 수도요금 납부서비스는 2015년에 처음 시행된 후 매년 2배 이상 사용량이 늘고 있으며 현재는 5만 명 이상, 100억 원 이상의 요금 징수실적을 거두고 있다. 이러한 추세에 따라 상수도사업본부는 2016년에는 전국 최초로 신용카드, 통장계좌를 통한 수도요금 자동납부 서비스를 도입하고 2017년에는 금융결제원과 연동해 실시간 계좌검증 서비스를 도입하는 등 납부방식을 끊임없이 확대·보완해 나가고 있다. /부산=조원진기자 bscity@sedaily.com"
9,구미 LG디스플레이 ‘사랑의 온도탑 제막식’서 성금 3천만원 기탁,01.Dec.20,https://news.imaeil.com/Society/2020120116460519370,매일신문,"구미지역 뇌병변장애인, 발달장애인 재활·교육 프로그램비로 지원","구미국가산업단지 내 LG디스플레이㈜(대표이사 사장 정호영)는 1일 구미시청에서 열린 '희망 2021 나눔 캠페인 출범 및 사랑의 온도탑 제막식'에서 이웃돕기 성금 3천만원을 기탁했다.   이 성금은 구미 지역 뇌병변장애인을 위한 특수체육 프로그램과 발달장애인의 자립 지원을 위한 교육 프로그램 지원비 등으로 사용된다.   김상철 LG디스플레이 구미경영지원담당은 ""코로나19로 서민들의 삶이 더욱 팍팍해졌다""며 ""아동·노인·장애인 등 사회·경제적 취약계층에 희망을 나누며 함께 더불어 사는 따듯한 사회가 되길 소망한다""고 밝혔다.   한편 LG디스플레이는 2007년부터 14년째 매년 구미 지역의 소외계층을 위해 3천만원의 성금을 기탁하고 있다."
10,[신팔도명물] 고당도 얇은 껍질…안성 포도,01.Dec.20,https://news.imaeil.com/Travel/2020120117340727965,매일신문,국내 첫 포도 재배지 120년 역사||씨 없는 거봉 주력…삼색 포도 개발||철저한 수세관리 친환경 인증 받아,"비타민과 유기산이 풍부해 '과일의 여왕'이라 불리는 포도. 포도 수확철인 매년 7~9월이면 안성의 지천에는 탱글탱글한 포도가 먹음직스럽게 주렁주렁 매달려 장관을 이룬다.경기도 안성시는 예부터 전국에서 우수한 품질에 맛 좋기로 명성이 자자한 포도 명산지로 유명세를 떨치고 있다. 특히 안성시는 우리나라에서 최초로 포도가 재배된 곳으로 안성 포도의 역사는 120년 대한민국 포도의 역사와 그 궤를 같이한다.   안성시와 포도 농가들은 '안성포도'의 명성을 이어 나가기 위해 포도박물관을 건립하고 매년 안성포도축제를 개최함은 물론 재배농가의 판로개척과 품질 계량을 위한 각종 지원도 아끼지 않고 있다.   ◆대한민국 포도 최초 재배지 안성   　안성시는 우리나라 최초의 포도 재배지다. 최초 전래자는 프랑스 국적의 '앙투안 공베르(R. Antoie A.Gombert·한국명 공안국)' 신부로 지난 1901년 안성 천주교 초대 신부로 부임하면서 성당 앞뜰에 머스캣 포도나무 묘목 20여 그루를 심은 것이 대한민국 포도 역사의 시초다.   　공베르 신부는 동생인 줄리앙 공베르 신부와 함께 국내에서 50여년 동안 선교활동을 벌이다 한국전쟁 발발과 함께 두 형제 모두 납북돼 안타깝게 생을 마감했다. 안성시는 안성지역에 최초로 포도를 전래해준 공베르 신부의 공로를 높이 사 지난 2011년 '안성시를 빛낸 4인'으로 선정해 내혜홀광장에 실물 130% 크기의 청동재질 흉상을 설치했다. 공베르 신부가 안성에 포도를 전래한 이후 재배와 수확 방법 등을 습득한 안성 주민들은 꾸준히 재배면적을 늘린 결과, 한때 700㏊에서 1만여㎏에 달하는 포도를 생산해 수도권 지역 최대 생산지로 각광을 받았다.   　현재 안성지역 포도농가들은 각국과의 FTA 체결 등의 영향으로 외국에서 들어온 포도들과 경쟁력을 강화하기 위해 면적과 생산량보다 품종과 품질을 개량한 포도를 생산하는데 주력해 2018년 기준 484㏊에 4천851㎏의 포도를 생산하고 있다.   　안성지역에서 주력으로 생산되는 포도는 '씨 없는 거봉'이지만 차별화된 기술로 흑색과 청색, 적색 등 삼색포도도 생산하고 있다. 안성포도는 지난 2008년부터 국내를 넘어 싱가포르와 베트남 등 동남아에 수출돼 현지인들의 입맛을 사로잡고 있다.   ◆ 안성 5대 농특산물 중 하나인 '안성포도'   　안성포도는 쌀과 배, 한우, 인삼과 더불어 안성시 5대 농특산물로 지정돼 있다. 안성포도는 포도 고유의 색깔이 선명하고 껍질이 얇아 당도가 높고 특유의 맛과 향이 살아 있는 것이 특징으로 소비자들에게 정평이 나 있다. 이는 안성 포도 재배지역이 차령산맥 줄기인 서운산을 배경으로 알맞은 강수량과 밤낮의 일교차가 크며 양질의 토양에서 재배하기 때문이다.   거기에 정성을 다한 개별 포장으로 포도의 손상을 막아주고 철저한 당도 측정으로 고품격 품질로 오랜 시간 동안 소비자들에게 신뢰를 쌓아온 점도 한몫하고 있다. 또한 포도나무의 철저한 수세관리를 위해 착색제와 환상박피를 엄격히 제한하는 한편 국립농산물품질관리원으로부터 친환경, 저농약 재배 인증을 받은 비가림재배 포도를 공동선별 출하해 안정도도 보장하고 있다.   특히 최적의 자연환경 속에서 재배한 포도를 수확과 배송 전 과정에 걸쳐 철저한 품질관리 체계를 구축하고 있어 어느 지역에서 생산되는 포도보다 명품임을 자랑한다. 이 밖에도 120년이 넘게 대대손손 안성지역에서 포도를 재배해 온 포도농가들로 구성된 '포도연구회'는 1년에 10회 이상 한자리에 모여 포도 재배에 대한 정보와 기술을 공유해 더 나은 품질의 우수한 포도 생산에 큰 기여를 하고 있다.   　포도농가들은 ""우리는 매번 회의 때마다 기존의 품종에 대한 품질을 향상을 위해 대대로 내려온 재배기술 비법에 현대 과학이 가미된 신기술을 접목시키는 연구를 꾸준히 이어 나가고 있다""며 ""현실에 안주하지 않는 노력이 뒷받침됐기에 안성포도가 특별하고 명품임을 자랑스럽게 말할 수 있다""고 밝혔다.   ◆안성포도축제와 안성포도박물관   　안성시는 안성포도의 우수성을 대내외에 알리고 지역 농가들의 판로 개척 등을 위해 포도 수확철 중 가장 맛이 좋다는 매년 9월에 안성시 서운면 일원에서 '안성포도축제'를 개최해오고 있다. 축제 개최지인 서운면은 안성지역 포도 1년 생산량 중 65% 이상을 이곳에서 재배하기에 명품 포도를 생산하는 메카 중의 메카로 손꼽힌다. 특히 2000년대 초·중반에는 포도재배면적이 700㏊를 넘어 마을 자체가 하나의 거대한 포도밭인 적도 있었다.   　안성포도축제에서는 매년 전야제를 시작으로 포도시식과 시음, 포도 와인 만들기 체험, 포도품종 전시, 포도 빨리먹기 대회 등 포도를 주제로 한 다채로운 행사로 진행돼 수도권을 넘어 전국 각지에서 수 많은 인파가 몰려 성황을 이룬다.   다만 올해는 코로나19 감염병 사태로 인해 드라이브 스루 형식으로 포도판매와 판촉행사를 축소해 열었으나 지역을 대표하는 전통 축제답게 수많은 관광객들이 차량을 이용해 안성포도를 구매해 사전에 준비한 포도들이 축제기간이 끝나기도 전에 동이나는 현상까지 빚어지기도 했다.   실제로 포도축제위원회가 최근 개최한 자체평가회에서 드라이브 스루 형식으로 진행된 축제에는 3천500여대의 차량이 방문해 포도 1만200박스가 판매돼 2억6천520만원의 매출액을 올린 것으로 집계됐다.   　   안성에는 이런 안성포도의 역사를 한곳에 집대성한 국내 최초 포도박물관인 샤토안이 있다. 지난 2010년에 개관한 박물관 샤토안은 내부에는 수장고와 전시실을 비롯 와인시음장, 와인판매장, 레스토랑 등의 시설을 갖추고 있으며 외부에는 캠핑장과 각종 체험행사를 할 수 있는 포도밭이 있다. 이 곳에서는 포도를 매개체로 한 와인과 포도즙, 포도과자 등 각종 가공식품도 판매하고 있다. 특히 안성에서 재배된 거봉으로 만든 꼼베 와인은 이 곳에서 판매하는 가공식품 중 소비자들에게 가장 각광받는 제품이다. 꼼베는 포도를 대한민국 안성에 전래해준 꽁베르 신부와 축제를 일컫는 페스티벌을 합쳐 만든 상표 이름이다. 하지만 현재 포도박물관은 운영상의 문제로 잠시 휴관 중이다.   한국지방신문협회 경인일보 민웅기기자 muk@kyeongin.com"
11,"경북신용보증재단, 3년간 눈부신 성장…지역경제 동반자",01.Dec.20,https://news.imaeil.com/Society/2020120112402131707,매일신문,코로나 피해기업 특례보증 전국 1위||보증 공급 올 10월 기준 7만여건…보증 잔액·출연금 3년전比 3배로,"경북신용보증재단(이사장 박진우·이하 경북신보)이 괄목상대할 성장을 이뤄냈다.   최근 3년간 급속 성장을 하며 보증 공급액, 보증 잔액, 출연금 등이 폭발적인 증가세를 보이고 있다. 20년 전 재단 설립 당시와 비교해 보증 공급액은 무려 270배, 보증 재원으로 활용되는 출연금은 30배나 증가했다.   특히 코로나19에 대응한 경북신보의 역할은 더욱 빛이 났다. 코로나19 피해를 입은 소상공인들의 대출 신청이 폭증, 구미 본점을 비롯한 경북도 내 시·군 지점은 전쟁터를 방불케 할 정도였다. 하지만 전 직원들이 도시락을 2개씩 싸들고 다니며 새벽까지 일하는 등 몸을 아끼지 않으면서 하루 평균 100건이던 심사 건수를 2천건까지 처리, 놀라운 대처 능력을 발휘했다.   특히 코로나19 피해기업 특례보증 실적은 재단 직원 수가 7, 8배에 달하는 서울·경기도를 제치고 전국 시·도별 1위를 기록하며 가장 모범적인 재단으로 자리매김했다.   ◆경북신보의 주요 실적   보증 공급 건수 및 금액은 2017년 2만4천333건(5천279억원), 2018년 2만5천873건(5천491억원), 2019년 3만951건(7천47억원), 올들어 지난 10월까지는 7만5천514건(1조8천412억원)으로 급증했다.   보증 잔액 역시 2017년 5만9천148건(9천915억원), 2018년 6만3천692건(1조520억원), 2019년 7만3천506건(1조2천978억원), 올들어 10월까지 12만4천289건(2조6천163억원)으로 늘었다.   출연금은 2017년 105억원, 2018년 137억원, 2019년 215억원, 올해는 356억원으로 최근 3년간 세 배 이상을 확보했다.   이런 급속 성장으로 경북신보는 20년 전 재단 설립 당시와 비교해 연간 보증 공급액은 66억원에서 1조8천412억원으로 무려 270배, 출연금은 2천674억원으로 30배나 각각 증가했다.   중소벤처기업부가 시행한 전국 16개 시도별 지역신용보증재단 보증사업 평가 순위에서 경북신보는 2018년 12위, 2019년 6위, 올해는 3위로 가파르게 상승했다.   ◆코로나19에 더욱 빛난 경북신보의 역할   지난 3월 코로나19 확산으로 직격탄을 맞은 소상공인들의 자금 신청이 폭증하면서 구미 임수동의 본점을 비롯해 경북도 내 10개 시·군 지점은 대출을 받기 위한 소상공인들로 장사진을 이뤘다. 돈 가뭄이 그만큼 절박했다는 얘기다.   끊임없이 찾아오는 민원인들로 대출 신청 및 심사가 지체되자 경북신보는 비상경영체제를 선포, 인력 확보에 나서는 한편 신속심사팀 운영으로 총력 대응에 나섰다.   금융회사와 시·군은 물론 육군 50사단 군 병력 23명까지 지원 받았다. 부족한 공간 확보를 위해 사무 공간을 긴급 임차하고, 구미·칠곡 등 인근 시·군으로부터 PC·책상 등 사무실 집기를 조달했다.   또 필수 인력을 제외한 모든 직원을 일선 영업점과 신속심사팀으로 파견했다. 직원 중 가장 높은 직급인 본부장급은 물론 이사장도 예외가 아니었다. 본부장들은 영업점에서 대출 업무를, 이사장은 서류를 실어 날랐다.   직원들은 코로나19에 취약한 환경 속에서 업무처리 시간을 아끼기 위해 도시락으로 점심과 저녁을 해결했고, 매일 새벽까지 일하기 일쑤였다. 주말 근무도 일상이 되었다.   이에 하루 평균 100건이던 심사 건수는 무려 2천건까지 처리됐고, 대출을 받기까지 2개월 이상 걸리던 것이 2주로 단축됐다.   특히 코로나19 피해기업 특례보증 실적은 지난 6월 기준 4만7천141건, 1조1천662억원으로 전국 16개 시·도별 지역신보 중 1위를 차지했다. 전체 직원 90여 명인 경북신보가 760명인 서울신보보다 더 많은 실적을 기록한 것이다.   ◆폭발적인 실적 향상은   금융 전문가인 박진우 이사장을 비롯한 전 직원들이 소명 의식을 갖고 헌신적으로 노력한 결과란 평가다. 박 이사장은 신협중앙회장을 연임했다.   박 이사장은 2018년 취임 무렵 직원들과 약속했다. 직원들은 보증 지원과 부실채권관리 등 본연의 의무에 최선을, 이사장은 보증재원으로 활용되는 출연금 확보에 최선을 다하기로 했다. 박 이사장은 그 약속을 지켰다.   먼저 입법기관에 지속적인 건의를 통해 지역신보에 대한 출연 규정을 대폭 상향했다. 이에 매년 40억~50억원이던 금융회사 법정출연금은 90억~100억원으로 증가했다.   또 지자체·금융회사와 꾸준한 협력을 이끌어 내며 출연금 확보에 최선을 다해 2017년 105억이던 출연금을 올해는 356억원으로 세 배 이상 늘렸다.   경북 시·군 출연금은 2017년 시·군 4곳에 불과했으나 지금은 군위를 제외한 22개 시·군으로부터 출연금을 확보, 올해 소상공인들에게 1천678억원의 출연 특례보증을 지원했다.   ◆[박스]박진우 경북신용보증재단 이사장 인터뷰   코로나19 속에 시·군 영업점이 연일 보증 신청 고객들로 붐벼 직원 안전이 우려됐지만 직원 중 확진자가 발생하지 않아 무척 다행스럽고 감사하다. 비상경제 상황 속에서 경북의 소상공인들을 위해 헌신한 직원들의 노고에 존경과 감사를 전한다.   코로나19로 인한 비대면 서비스는 거스를 수 없는 큰 흐름이 되었고 재단도 비대면 보증지원 시스템 구축 등 포스트 코로나 시대를 준비 중이다.   그동안 출연금을 많이 확보했지만 그래도 재단의 현안은 안정적인 보증 공급을 위한 보증재원 마련이다. 출연금 확충이 절실한 것이다.   특히 내년은 코로나19 재확산에다 금융권의 리스크 관리에 따른 여신 심사 강화 등으로 소상공인 자금난이 더욱 악화될 전망이어서 정부 출연이 반드시 필요하다.   더불어 재단의 인력 확충도 시급하다. 현재 재단의 정식 직원은 80여 명으로, 보증 잔액 2조6천억원에 비하면 턱없이 부족하다. 직원들의 노력에도 불구, 고객 불편과 불만이 초래되는건 인력 부족 때문이다. 보증 규모에 맞게 인력을 충원해야 고객 서비스의 질을 높일 수 있다.   또 영업본부, 칠곡지점, 소상공인지원센터 등을 설립하지 못한 점이 아쉽다. 특히 23만 경북 소상공인들을 위한 지원센터는 경북도의 예산까지 지원받았으나 결국 무산돼 아쉬움이 크다.   최근 사업 실패로 부도난 소상공인들의 재기를 지원하는 방안을 적극 마련 중이다. 포항 지진 피해 때 지역신용보증재단 최초로 정부 예산을 확보, 경영 애로를 겪는 포항의 중소기업·소상공인 2천905곳에 1천41억원을 특례보증 지원한 것이 기억에 남는다.   경북 중소기업·소상공인의 경쟁력 강화 방안을 끊임없이 연구해 신뢰받는 동반자가 될 수 있도록 소임을 다하겠다."
12,경북 울진에 생활불편 해결사가 떴다!,01.Dec.20,https://news.imaeil.com/Society/2020120111015447987,매일신문,생활민원기동처리반 호응,"경북 울진의 각종 생활 불편을 해결해 주는 '생활민원기동처리반'(이하 처리반)이 군민들의 큰 호응을 얻고 있다.   처리반은 지난 2018년 9월부터 시작돼 저소득층, 노인, 장애인 등 사회취약계층을 대상으로 전등, 수도꼭지, 문손잡이, 방충망 교체 등 생활 속 작은 불편을 직접 찾아가 해결해주고 있다.   처리반은 올들어 11월 말 현재 3천498건의 생활불편 사항을 해결했다. 지난해 2천164건보다 1천344건 이상 처리건수가 늘었다.   특히 올해는 남울진민원센터 개소와 함께 기술인력 2명을 추가 채용해 총 4명이 2개의 생활민원기동처리반(북부, 남부)을 운영, 신속한 서비스를 제공하고 있다.   홀몸노인 A 씨는 ""고장난 전등을 교체하려고 의자 위에 올라가다가 어지러워서 손도 못 댄 적이 한 두번이 아니었는데, 생활민원기동처리반이 와서 다 해결해줘 멀리 있는 아들보다 낫다""며 고마움을 표했다.   전찬걸 울진군수는 ""코로나19로 연일 힘들어하는 군민들에게 찾아가는 생활밀착 복지서비스를 통해 군민들이 웃으며 만족하는 친절 울진이 되도록 최선을 다하겠다""고 말했다."
13,[기고]중소기업을 위한 나라는 없다,01.Dec.20,https://news.imaeil.com/Satirical/2020120113171455568,매일신문,전창록 경상북도경제진흥원장,"며칠 전 기업을 한 군데 방문했다. 영덕에 있는 수산물 사업을 하는 3년 된 기업이었다. 이윤의 60% 이상은 기부하겠다는 목표를 갖고 있는 사회적기업이었다. 짧은 시간에 20억원 매출을 올릴 정도로 회사는 커졌고, 한 단계 더 성장하기 위해 좋은 사람을 뽑는데 자꾸 나간다며, 대표는 회사를 어떻게 성장시켜야 하는지에 대한 조언을 구했다.   생존을 걱정하는 중소기업이 대부분인 상황에서 성장을 걱정한다면 분명히 좋은 일인데 돌아오는 내내 마음이 편하지 않았다. 4차 산업혁명 시대 중소기업의 성장 방식은 어떻게 변해야 하는지에 대한 나의 대답이 선명하지 않았기 때문이었다. 4차 산업혁명 시대의 특징은 기하급수적 변화와 그 변화의 속도로 인한 기하급수적 성장의 시대라는 것이다.   중소기업과 스타트업의 차이는 무엇인가? 단순히 업력의 차이인가? 2015년 창업한 마켓컬리는 처음부터 중소기업이라고 불리지 않았다. 몇 년 전 블룸버그는 GE를 124년 된 스타트업이라고 불렀다. 우리 중소기업들이 스타트업처럼 이 기하급수적 성장의 시대 혜택을 보기 위해서, 인재들이 일하고 싶어 몰려오게 하기 위해서는 무엇이 필요한가?   첫째는 시선의 지향이 변해야 한다. 현재가 아닌 미래로 시선의 지향이 변해야 한다. 중소기업이 현재에 시선을 맞추고 있다면 스타트업은 미래에 초점이 맞추어져 있다. 그래서 스타트업들은 세상을 바꾸겠다는 담대한 목표(MTP: Massive Transformative Purpose)를 가지고 있다. 시선이 미래에 있으니 스타트업들은 그 비전을 달성하기 위해 전속력으로 성장을 지향한다.   둘째는 개방형, 수평적 조직문화에 기반한 일하는 방식이다. 기하급수적 변화의 시기는 코로나와 같은 통제할 수도 예측할 수도 없는 변화가 일상인 시대라는 것이고 이 시대 어떤 조직도 조직 내부의 자원만 가지고는 이 변화를 따라갈 수 없다. 넷플릭스의 핵심 경쟁력인 시네매치 알고리즘도 넷플릭스 경진대회를 통해 전 세계 천재들의 힘을 빌려 만들어졌다는 사실은 유명하다.   셋째는 제품이나 비즈니스 모델에서 파괴적 혁신을 추구해야 한다는 것이다. 세상 대부분의 창조는 배열을 달리한 편집이라는 얘기가 있다. 시각을 다르게 하면 된다. 맞벌이 부부의 경우 집에 있지 않는 시간에 배송이 되고 그러다 보니 배송과 사용 간에 큰 불일치가 있었다. 마켓컬리는 단지 배송 시간을 새벽으로 바꿈으로써, 받은 제품을 바로 요리해 아침으로 먹게 함으로써 배송과 사용 간 불일치를 해결했다. 그 결과 2015년 연 매출 100억원 규모였던 새벽 배송 시장은 2018년 4천억원 규모로, 2019년 1조원 정도로 성장했다.   '중소기업을 위한 나라는 없다'는 과거 중소기업의 성장 방식이 이제는 유용하지 않다는 뜻이다. 중소기업에서 중견기업으로 대기업으로 가는 성장 방식은 파이가 커지는 고도성장기에 가능한 산술급수적 방식이다. 세계적으로 저성장으로 대변되는 오늘날은 이상한 나라의 앨리스에서처럼 힘껏 달려야만 제자리인 시대로, 기하급수적 성장이 아니면 정체 또는 죽음인 시대이다.   이제 크기에 기반한 중소기업이라는 말은 없어져야 한다. 중소기업이라는 말은 기업을 규정하는 얘기가 아니라 기업 성장 단계의 한 시기를 지칭하는 말에 지나지 않는다. 우리 중소기업 모두가 스타트업으로 거듭나 4차 산업혁명 시대, 이 기하급수적 성장의 시기를 즐기기를 기대한다면 지나친 바람일까?"
14,[포토뉴스] 수능대비 방역준수 합동점검,01.Dec.20,https://news.imaeil.com/Society/2020120118424582304,매일신문,,"1일 대구 달서구 한 동전노래방에서 공무원과 경찰이 코로나19 방역수칙 준수 여부 합동점검을 실시하고 있다. 대구시는 8개 구·군, 경찰과 함께 12개 반 32명의 점검반을 구성해 수능시험 이후에도 청소년의 이용 증가가 예상되는 노래연습장, PC방 등을 대상으로 업종별 방역수칙 및 관련법규 준수여부 등에 대해 점검할 예정이다. 성일권 기자 sungig@imaeil.com"
15,[포토뉴스] '희망 2021 나눔 캠페인' ...성금 모금 시작,01.Dec.20,https://news.imaeil.com/Society/2020120118364068032,매일신문,,"연말연시 어려운 이웃돕기 재원 마련과 나눔 문화 확산을 위한 '희망 2021 나눔캠페인' 성금 모금이 1일 시작됐다. 대구·경북사회복지공동모금회는 이날 오후 국채보상운동기념공원과 경북도청에서 각각 '희망 2021 나눔 캠페인 출범식'을 열고 내년 1월말까지 본격적인 모금 활동에 들어갔다. 올해 모금 목표액은 대구 84억 9천만원, 경북 127억 6천만원으로 코로나19 여파로 85%가량 하향 조정됐다. 성일권 기자 sungig@imaeil.com 경북도 제공"
16,[사설] 노사 모두 반대하는 노동조합법 개정안 밀어붙일 일 아니다,01.Dec.20,https://news.imaeil.com/Editorial/2020120118030891146,매일신문,,"정부가 연내 입법을 추진 중인 노동조합 및 노동관계조정법 개정안이 노동계와 사용자 모두로부터 극렬한 반대에 부닥치고 있다. 사용자 측은 이 개정안이 안 그래도 노동계 쪽으로 쏠린 운동장을 더 심하게 기울게 만들 것이라며 큰 우려감을 나타내고 있고, 노동계는 '노조 탄압법'이라며 총파업 등 강경 투쟁을 선언하고 나섰다. 양측의 반발 수위가 예사롭지 않다.   개정안의 문제점은 한두 가지가 아니다. 그중에서도 해고자와 실업자의 노조 가입을 허용하는 대목은 사용자로서 받아들일 수 없는 독소 조항으로 꼽힌다. 회사의 인사권과 통제권 밖에 있는 해고자와 실업자, 사회활동가가 협상 테이블에 앉게 되면 개별 기업이 감당키 어려운 사회·정치적 이슈를 단체협약에 끌어들일 소지가 크다는 점은 불문가지다. 대체인력 투입 허용 등 상응 조치 없이 노조 권한을 강화시킴으로써 노사 관계가 파탄에 이르고 경영이 어려워질 것이라는 경영계의 하소연은 엄살일 수 없다.   노동계도 쟁의행위 시 생산 및 주요 시설 점거 금지, 현행 2년인 단체협약 유효기간을 3년으로 늘리는 것 등은 노조를 무력화시키려는 시도라며 강력히 반발하고 있다. 전임자 임금 지급 허용과 근로시간 면제 제도 유지 등 상충하는 조항 때문에 오히려 노사 분쟁이 더 심해질 것이라는 학계 우려 또한 흘려들을 일이 아니다. 정부는 노사의 요구 조건을 적당히 반영하면 양측 모두 개정안을 받아들일 것이라고 생각했는지 모르지만 순진하거나 안일하기 짝이 없다.   정부는 국제노동기구(ILO)의 핵심 협약 비준에 걸맞게 노조법을 대폭 손질해야 한다는 강박관념을 가진 듯한데, 노동 현장 평화를 깨고 분규를 심화시킨다면 국제기준이 대관절 무슨 소용이란 말인가. 코로나19 팬데믹으로 경제와 고용이 절체절명 위기인 상황이다. 산업 경쟁력 회복과 고용 유지가 절실한데 이런 누더기식 개정안을 강행할 때가 아니다. 혹여나 176석 거대 여당을 믿고 밀어붙일 생각일랑 하지 말아야 한다."
17,"적십자봉사회 목포지구협의회, 소외이웃 김장 나눔",01.Dec.20,http://www.kwangju.co.kr/news_view.php?aid=1606828200709622028,광주일보,,"적십자봉사회 목포지구협의회가 최근 지역 내 취약계층에 김장김치 나눔 봉사활동을 진행했다. 코로나 19 여파로 혹독한 겨울을 나야하는 이웃을 돕기 위해서다.이번 활동은 코로나19 여파로 무료급식소 운영이 중단되고 반찬나눔활동들이 줄면서 김치·반찬 등이 부족해진 취약계층을 위해 이뤄졌다. 이들이 어렵게 지낸다는 소식을 들은 봉사원들은 십시일반 성금 모금에 동참해 김장김치 150박스(박스당 10kg)를 구입, 목포 지역 취약계층 150가구에 전달했다. 대한적십자사 광주전남지사는 목포를 시작으로 광주와 전남지역 취약계층을 돕기 위해 지원활동을 확대, 적십자봉사원들과 김장김치 나눔봉사활동을 펼칠 계획이다. /유연재 기자 yjyou@kwangju.co.kr"
18,여야 내년 예산안 합의…‘556조→558조원’ 11년만에 순증,01.Dec.20,http://www.kwangju.co.kr/news_view.php?aid=1606824000709615004,광주일보,"6년만에 법정시한내 처리
3차 재난지원 3조·백신 9000억","여야가 총 558조원 규모의 내년도 예산안에 합의했다.정부가 편성한 556조원보다 2조2천억원 확장된 규모다. 정부안보다 순증되는 것은 2010년 예산 이후 11년 만이다.더불어민주당과 국민의힘은 1일 김태년·주호영 원내대표, 예결위 간사인 박홍근·추경호 의원의 ‘2+2 회동’에서 이같이 의견을 모았다고 밝혔다.협상 결과 여야는 정부가 제출한 예산안에서 7조5000억원을 증액하고 5조3000억원을 감액하기로 했다.여야는 증액 사업에 3차 재난지원금 3조원+α, 코로나19 백신 예산 9000억원을 각각 우선 반영하기로 했다. 이에 따라 집합금지업종 등에 최대 200만원을 지급한 소상공인 새희망자금, 특수고용직·프리랜서에게 지급한 긴급고용안정지원금 등 2차 재난지원금의 틀이 유지될 전망이다.백신 예산은 최대 4400만명분을 확보할 수 있는 수준이다.감액되는 5조3000억원에는 ‘한국판 뉴딜’ 예산도 일부 포함됐다.국채 발행이 불가피하다는 민주당과 10조원 이상 감액해야 한다는 국민의힘의 극한 대립이 접점을 찾은 것은 박홍근·추경호 의원의 전날 심야 회동에서다.국민의힘이 6조원까지 감액 요구를 낮췄고, 정부가 5조3000억원을 제시하면서 합의점을 찾았다.여당(8조5000억원)과 야당(10조5000억원)의 증액 요구에 대해서도 대대적인 칼질이 이뤄졌다.국채 발행은 코로나19 재유행의 특수성을 강조하는 민주당의 설득을 국민의힘이 이날 오전 전향적으로 수용하며 최종 합의에 이르렀다. /오광록 기자 kroh@kwangju.co.kr"
19,화순 백신특구 2023년까지 연장,01.Dec.20,http://www.kwangju.co.kr/news_view.php?aid=1606832400709614143,광주일보,"신규사업·기존사업 연속성 유지
3년 연장에 사업비 110억 증액
생물의약산업 특례적용도 연장","코로나19 여파로 백신산업에 대한 관심이 높아지고 있는 가운데 국내 유일의 백신 관련 특구인 화순백신산업특구의 지정 기한이 2020년에서 2023년까지 3년 연장됐다.화순군은 신규 사업 추진과 기존 사업의 연속성 유지를 위해 특구 연장이 필요하다는 화순군의 요청에 따라 중소벤처기업부가 화순백신산업특구 지정 기한을 2023년까지로 연장했다고 1일 밝혔다.중기부는 지난 2010년 화순생물의약산업단지 중심의 ‘바이오클러스터’와 화순전남대병원 중심의 ‘메디컬클러스터’ 일대 94만1731.5㎡를 화순백신산업특구로 지정했다. 특구지정 기한은 2020년 말까지 였다.화순군은 이를 2023년까지 3년 연장하고 사업비도 당초 4411억1000만원에서 4564억1700만원으로 증액하는 내용의 특구 계획 변경안을 제출했고 중기부가 최종 승인했다.이에 따라 백신산업특구에서 추진 중인 차세대 백신·생물의약산업 기반 사업의 특례 적용 기간도 연장됐다.또 미생물실증지원센터, 국가 면역치료 혁신 플랫폼, 면역 세포치료 산업화 기술플랫폼, 국가 백신제품화 기술 지원센터, 질환동물 기반 세포치료제 효능평가 플랫폼 구축, 혁신형 AI기반 바이오 임상지원센터 구축, 전남대병원 개방형 의료혁신센터 건립 사업 등에 대해 출입국관리법, 특허법, 의료법 등 여섯 가지 규제 특례가 3년간 더 적용된다.화순백신특구는 국내 유일의 백신산업 특구로 ‘의약품 연구개발-비임상-임상-의약품 제조-인허가’까지 생물의약산업의 전주기를 원스톱 지원하는 기반을 갖추고 있다.구충곤 화순군수는 “화순백신특구 지정 기한 연장으로 차세대 백신산업 육성을 지원할 국가 면역치료 혁신 플랫폼, 국가 백신제품화 기술 지원센터 등 기반 확충이 원활해질 것이다”며 “백신특구가 K-방역의 핵심적인 역할을 하면서 지역의 미래 성장 동력이 되도록 차세대 백신산업의 중심지로 육성하겠다”고 강조했다. /화순=배영재 기자 byj@kwangju.co.kr"
20,"언택트 사회, 도서관도 온·오프라인 병행 운영을",01.Dec.20,http://www.kwangju.co.kr/news_view.php?aid=1606832100709606127,광주일보,,"전 세계를 휩쓸고 있는 코로나19가 국내에서는 지난 1월 20일 처음 발생하였다. 이에 질병관리본부는 중앙방역대책본부를 구성하여 정부 전 부처의 협력 대응에 나섰다. 그러나 국내 확진자는 증가와 감소를 지속적으로 반복하는 추세로 끝이 보이지 않는 상황이다. 코로나19가 장기화 국면에 돌입하게 되면서 사전 예방을 위한 백신이나 사후 치료를 위한 치료제가 개발되어 보급되지 않는 한 우리는 언제 감염될지 모르는 불안한 생활을 이어갈 수밖에 없는 현실이다.이와 같은 상황에서 코로나19 팬데믹으로 사회적 거리 두기(social distancing)가 전 세계적으로 확산됨에 따라 ‘언택트(untact) 사회‘라는 새로운 패러다임이 등장했다.그럼에도 도서관은 사회적 공공 기관으로서 봉사 대상인 지역 사회 내의 정보 유통을 원활히 하는 역할에 최선을 다해야 한다. 도서관은 대표적인 다중 밀집 이용 시설이자 밀폐 시설이다. 독서실 형태의 열람실은 물론 자료실도 방문 계층에 제한을 두지 않는다는 점에서 조금이라도 방역을 소홀히 한다면 불특정 다수에 의한 감염병 전염과 확산에 취약할 수 밖에 없는 구조적 특성을 가지고 있다.이러한 상황에서 도서관의 기본적인 대응은 이용자 방문 시 발생할 수 있는 감염을 예방하기 위해 열람 서비스를 중지하고 임시 휴관과 재개관을 반복하는 것이었다. 특히 외부 활동을 자제해야 하는 상황에서 상당수 도서관들은 각 기관의 상황에 맞춰 수행 가능한 기초적인 도서 무료 배송 서비스나 디지털 콘텐츠, 워킹스루, 드라이브스루 등 이용자들을 위한 다양한 언택트 서비스를 발굴하여 제공하고 있다. 이전에 경험해 보지 못한 사상 초유의 사태에서 이러한 대응 방식과 언택트 서비스의 제공이 이용자들을 얼마나 만족시키고 있는지는 아직 판단하기에 이르다.따라서 코로나19 조기 종식이 현실적으로 불가능해진 상황에서 현재의 대응 방식과 서비스가 기존 도서관 이용자의 요구를 얼마나 대체하고 있는지에 관한 부단한 관심과 만족도 향상을 위한 노력은 계속 되어야 한다.도서관 장서는 전통적인 도서관의 기본 요소 중 하나이자 핵심 서비스 객체라고 할 수 있다. 소장 자료의 열람과 대출이 불가능한 상황에서 전자 저작물은 이용자들에게 중요한 자료로 활용된다. 그렇기 때문에 도서관은 대면 서비스의 비대면화, 온라인 기반의 서비스, 비대면 서비스의 개발 등을 통해 외부 상황의 변화에 선제적으로 대응하며 온라인을 통한 저작물을 제공해야 할 필요성이 커지게 되었다.다행히 국제도서관협회(ICOLO)는 출판업자들에게 일시적으로 전자 자료의 이용 제한 해제를 요청했다. 온라인상에서 이용자들의 연구가 지속될 수 있도록 접근 제한 해제와 사용량의 급증에 따른 서버 과부하에 대처하기 위한 동시 접속자 수의 확대, 그리고 저작물 전송 및 복제에 대한 범위 확대 등 이용자들을 위한 서비스 항목을 제시했다. 그러나 비대면 사회의 장기화는 향후 실물 장서 이용의 한계를 불러올 수밖에 없다.언택트 도서관은 단순한 가상의 디지털 도서관이 아니다. 여기에는 물리적 속성도 포함된다. 도서관의 물리적 공간으로서 사회적 역할은 여전히 중요하며, 이 부분에 대한 이용자의 요구 또한 계속될 수밖에 없다. 그러므로 장서 제공이라는 전통적인 도서관 서비스가 변화하면 해당 공간의 역할도 함께 변화해야 할 것이다. 출입 제한 조치로 마땅히 갈 곳을 잃은 이용자들의 공간에 대한 요구를 수용하기 위하여 다중 이용 시설의 취약점을 어떤 방식으로 극복해야 할지, 즉 공간 인식의 변화가 도서관 공간에도 반영되어야 한다는 것이다.포스트 코로나 시대 도서관은 이제 언택트, 뉴 노멀이라는 미래지향적 패러다임을 지향하면서 이용자 중심의 도서관 공간의 재개념화 등 온라인과 오프라인의 병행을 통해 새로운 활동을 유도하는 공간이 될 수 있도록 이용자 영역에 대한 연구가 필요한 시점이다."
21,"㈜조은, 남원시에 물티슈 300박스",01.Dec.20,http://www.kwangju.co.kr/news_view.php?aid=1606818780709596168,광주일보,,남원시는 ‘희망 2021 나눔’ 캠페인에 노암농공단지에 있는 생활용품 생산업체 ㈜조은이 500만원 상당의 물티슈 300박스를 기탁했다고 1일 밝혔다. 또 남원지역 최초 ‘아너소사이어티’(1억 이상 고액기부자)에 가입한 김숙희 법사랑위원 남원지구협의회장이 비행 청소년들의 재범 방지를 위해 1000만원을 기탁했다.남원시 관계자는 “코로나19로 경기 침체가 가속돼 어려운 여건이지만 주변 이웃을 한 번씩 돌아보며 나눔을 실천해야 한다”며 시민들의 이웃 돕기 참여를 당부했다. /남원=백선 기자 bs8787@kwangju.co.kr
22,‘정읍 소싸움대회’ 맥 끊기나,01.Dec.20,http://www.kwangju.co.kr/news_view.php?aid=1606830900709593168,광주일보,"정읍시, 내년 예산안 반영 안해
지난해부터 3년 연속 취소 위기
“코로나 상황따라 내년 재검토”","20여년 간 이어진 ‘정읍 소싸움대회’의 내년 개최가 불투명해졌다.1일 정읍시와 정읍 녹색당에 따르면 정읍시는 내년도 예산안에 소싸움 예산을 편성하지 않았다.정읍시 관계자는 “코로나19 확산세가 거세 예산을 편성하지 않았다”며 “폐지 절차는 아니고 코로나19 종식 상황을 봐 내년 여름 정도에 개최 여부를 재검토할 방침”이라고 설명했다.그동안 정읍시는 소싸움 대회와 소싸움 육성을 위해 매년 예산을 지원했다.2017년 4억4000여만원, 2018년 3억7000여만원의 예산을 지원했고 2019년과 올해도 각각 2억2000여만원, 1억4000여만원을 편성했다. 해마다 1억원가량씩 줄어든 셈이다.하지만 지난해와 올해는 각각 아프리카 돼지열병과 코로나19를 이유로 대회를 취소했다.정읍에서는 1996년 소싸움 놀이가 처음 개최됐다. 2003년에는 정부가 지정하는 문화관광축제에 선정될 만큼 관광객들의 인기를 끌었다.하지만 동물에 대한 인식이 바뀌면서 대회가 ‘동물 학대’라는 주장과 오랫동안 이어온 ‘전통문화’라는 입장이 맞서고 있다.내년도 예산이 편성되지 않자 정읍 녹색당은 환영의 뜻을 나타냈다.녹색당은 이날 논평에서 “이제는 ‘소싸움 도시’가 아닌 동물과 인간이 함께 행복한 ‘동물 친화적 정읍시’로 널리 알려지기를 소망한다”고 반겼다. 그러면서 “연중 발병하는 구제역과 조류인플루엔자 등 가축 전염병으로 인해 가축의 대규모 이동이 수반되는 축산행사는 갈수록 개최하기 힘들 것”이라며 “발상을 전환해 창의적인 미래전략을 고민해야 할 시점”이라고 강조했다. /정읍=박기섭 기자·전북취재본부장 parkks@kwangju.co.kr"
23,코로나 확산세…광주 거리두기 2단계 상향 논의,01.Dec.20,http://www.kwangju.co.kr/news_view.php?aid=1606818120709582006,광주일보,"일주일동안 100명 발생…생활체육동호회·집단체육활동 전면 금지
시민 행동강령 제안…1만3천 공직자 사적모임 금지 등 비상명령 발동","광주시가 코로나19 대확산에 따라 2일부터 생활체육 동호회와 집단 체육활동을 전면 금지하고, 사회적 거리두기 2단계 상향을 검토한다. 1만 3000여명에 이르는 모든 공직자에게는 사적인 모임 참석 금지 등 비상 명령이 내려졌다. 수능을 앞두고 있는 상황에서 코로나19 확산세가 심상치 않기 때문이다.이용섭 광주시장과 장휘국 광주시교육감은 1일 광주시청 브리핑룸에서 기자회견을 하고 “지금 코로나19 상황은 지난 2월 첫 확진자가 발생한 이후 최대 위기”라며 “지난달 30일 하루 확진자는 22명으로, 8월 26일(39명) 이후 가장 많고 11월 한 달에만 204명, 최근 1주일에만 100명이 발생했다”며 철저한 방역수칙 준수를 당부했다.이 시장은 “대형마트와 대기업, 성당, 교회, 식당, 체육모임, 당구장, 학교, 요양원, 골프모임 등 지역사회 전반에서 코로나19 바이러스가 확산하고 있다”면서 “특히 이들 중에는 기아차 공장, 금호타이어, 삼성전자, 이마트 등 대기업 직원이 대거 포함돼 있어 사업장 가동이 중단되고 모든 직원이 전수조사를 받는 등 지역 경제에도 비상이 걸렸다”며 심각한 위기 상황을 설명했다.이 같은 코로나19 확산세는 교육현장으로도 번지는 모양새다. 11월에만 유치원 3곳, 어린이집 2곳, 초등학교 4곳, 중등학교 5곳, 고등학교 3곳 등 교육기관 17곳에서 전수조사가 이뤄졌다. 지난달 30일 하루 검사자 수는만 5674명에 이를 정도라는 게 광주시의 설명이다.이에 따라 광주시는 사회적 거리 두기 1.5단계를 유지하되 2일 0시부터는 최근 집단 감염의 진원지가 된 생활체육 동호회, 집단 체육 활동을 전면 금지하기로 했다. 또 광주시 본청, 5개 구청, 산하 공공기관 등 직원 1만3000여 명에게는 5대 지침을 담은 코로나19 비상명령이 발동됐다. 지침은 ▲동문회, 동호회, 회식 등 모든 사적 모임 참석 금지 ▲다수 참석 공적 회의나 모임 연기 또는 비대면 진행 ▲결혼식, 장례식, 3밀(밀집·밀폐·밀접) 장소 방문 금지 ▲직원 출장 자제와 20% 이상 재택근무 ▲과태료 부과 등 마스크 착용 의무화를 위한 실효적 대책 마련 등이다.광주시는 시민들에겐 ▲일상생활 유지에 필요한 최소한의 경제활동만 하기 ▲가족, 직장 외 외부인과의 만남, 모임 갖지 않기 ▲대화 시에는 반드시 마스크 착용, 마스크를 벗고 식사할 때는 말 없이 ▲연말은 외부 모임 없이 가족과 집에서 ▲몸에 이상이 있으면 즉시 선별진료소로 가기 등 5대 행동강령을 제안했다.광주시는 또 2일 오후 광주시청에서 관련 기관·단체, 전문가 등이 참석한 가운데 코로나19 민관 합동대책회의를 열고 사회적 거리두기 상향 여부 등을 논의한다. /박진표 기자 lucky@kwangju.co.kr"
24,“정읍발 AI 道 경계선부터 차단하라”,01.Dec.20,http://www.kwangju.co.kr/news_view.php?aid=1606818000709583004,광주일보,"김영록 지사, 대비책 긴급 지시",김영록 전남지사는 1일 정읍발 고병원성 AI(조류인플루엔자) 도내 차단을 위한 방역망 구축 등 경각심을 갖고 철저한 대비책을 마련하라고 긴급 지시했다.김 지사는 이날 도청 서재필에서 열린 실국장 정책회의를 통해 “정읍발 고병원성 AI는 전남으로선 전북과의 교류로 중요한 지점이다”며 “특히 도내에 계열사가 많아 도축금지와 차단방역 등 경계선부터 특단의 대책을 세워 피해예방에 나서야 한다”고 이같이 주문했다.김 지사는 또 “전남은 코로나19와 관련해 1.5단계 거리두기에 들어갔지만 음식물 섭취로 인한 위험요인이 상존하고 있다”며 “1.5단계부터 음식섭취가 금지된 노래연습장처럼 영화관이나 멀티방도 음식물로 인한 피해가 없도록 강력히 권고하는 등 생활속 다중이용시설에 대한 관리도 병행해야 한다”고 덧붙였다.특히 “수능시험을 앞두고 도차원에서 큰 관심을 갖고 적극 지원해야 한다”고 말하고 “수험생들의 확진자와 자가격리자들의 시험에 차질 없도록 철저히 준비하고 만일의 사태발생시 최우선으로 진담검사와 결과를 도출할 수 있도록 만전을 기해달라”고 당부했다.최근 정부에 건의한 SOC사업과 관련해 김 지사는 “그동안 소외됐던 각종 전남의 현안들이 현 정부들어 호남고속철도 무안공항 경유와 남해안 철도 전철화 사업 등 굵직굵직한 사업들이 해결되는 성과를 보였다”며 “정부는 국가철도망 계획에 전라선 고속철도에 대해 긍정적으로 검토하고 있지만 앞으로 최선을 다해 국가계획에 반영될 수 있도록 노력해 달라”고 언급했다.이어 “그동안 전남에서 추진중인 국가첨단의료복합단지 구축은 연말이면 지정 신청하게 된다”며 “이런 부분은 바이오 산업에 새로운 전기를 마련해줄 수 있어 특히 화순은 감염병과 백신면역치료제 생산 거점으로 장성 국립심혈관센터와 완도 해양치유 거점 등과 연계하면 승산이 있다”고 말하고 국회의원과 함께 반드시 성사될 수 있도록 하자”고 말했다.  /윤현석 기자 chadol@kwangju.co.kr
25,“정읍발 AI 道 경계선부터 차단하라”,01.Dec.20,http://www.kwangju.co.kr/news_view.php?aid=1606818000709583004,광주일보,"김영록 지사, 대비책 긴급 지시",김영록 전남지사는 1일 정읍발 고병원성 AI(조류인플루엔자) 도내 차단을 위한 방역망 구축 등 경각심을 갖고 철저한 대비책을 마련하라고 긴급 지시했다.김 지사는 이날 도청 서재필에서 열린 실국장 정책회의를 통해 “정읍발 고병원성 AI는 전남으로선 전북과의 교류로 중요한 지점이다”며 “특히 도내에 계열사가 많아 도축금지와 차단방역 등 경계선부터 특단의 대책을 세워 피해예방에 나서야 한다”고 이같이 주문했다.김 지사는 또 “전남은 코로나19와 관련해 1.5단계 거리두기에 들어갔지만 음식물 섭취로 인한 위험요인이 상존하고 있다”며 “1.5단계부터 음식섭취가 금지된 노래연습장처럼 영화관이나 멀티방도 음식물로 인한 피해가 없도록 강력히 권고하는 등 생활속 다중이용시설에 대한 관리도 병행해야 한다”고 덧붙였다.특히 “수능시험을 앞두고 도차원에서 큰 관심을 갖고 적극 지원해야 한다”고 말하고 “수험생들의 확진자와 자가격리자들의 시험에 차질 없도록 철저히 준비하고 만일의 사태발생시 최우선으로 진담검사와 결과를 도출할 수 있도록 만전을 기해달라”고 당부했다.최근 정부에 건의한 SOC사업과 관련해 김 지사는 “그동안 소외됐던 각종 전남의 현안들이 현 정부들어 호남고속철도 무안공항 경유와 남해안 철도 전철화 사업 등 굵직굵직한 사업들이 해결되는 성과를 보였다”며 “정부는 국가철도망 계획에 전라선 고속철도에 대해 긍정적으로 검토하고 있지만 앞으로 최선을 다해 국가계획에 반영될 수 있도록 노력해 달라”고 언급했다.이어 “그동안 전남에서 추진중인 국가첨단의료복합단지 구축은 연말이면 지정 신청하게 된다”며 “이런 부분은 바이오 산업에 새로운 전기를 마련해줄 수 있어 특히 화순은 감염병과 백신면역치료제 생산 거점으로 장성 국립심혈관센터와 완도 해양치유 거점 등과 연계하면 승산이 있다”고 말하고 국회의원과 함께 반드시 성사될 수 있도록 하자”고 말했다.  /윤현석 기자 chadol@kwangju.co.kr
26,"[사진뉴스] 광주여자대학교, 제11회 언어치료학과 언어재활사 선서식 개최",01.Dec.20,http://www.kwangju.co.kr/news_view.php?aid=1606809785709542021,광주일보,,광주여자대학교(총장 이선재) 언어치료학과는 정보통신관 4층 세미나실에서 ‘제11회 언어치료학과 언어재활사 선서식’을 개최했다고 1일 밝혔다. 이번 선서식은 코로나 19 상황임을 감안하여 선·후배들의 축하 등 행사를 다소 축소해 진행하였다.
27,시험장 책상 가림막을 두고 대응책 마련에 분주,01.Dec.20,http://www.kwangju.co.kr/news_view.php?aid=1606801655709537006,광주일보,,"수험생들이 방역을 위해 올해 수능에 첫 도입된 시험장 책상 가림막을 두고 대응책 마련에 분주해졌다. 달라진 시험장 환경에 일부 수험생들은 가림막을 직접 구매해 미리 체험해보고 있는 실정이다. 교육부에 따르면 전면 가림막 크기는 가로 60㎝, 높이 45㎝다. 책상 상단 양쪽 모서리에는 가림막을 고정할 바닥판이 부착된다. 바닥판 크기는 가로 10㎝, 세로 9.5㎝다. 수험생들은 가림막 설치로 수능 응시에 불편함이 커졌다고 입을 모은다. 시험지만 해도 8절지(272×394㎜) 크기로 책상을 가득 채운다. 수험표와 필통 등을 올려둘 공간을 고려하면, 몸을 움직일 공간이 좁아 갑갑한 상태라는 것이다. 특히 국어·영어영역에서는 지문이 길게 나올 경우 시험지 전체를 펼쳐놓고 양면을 동시에 봐야 하는데 칸막이가 걸릴 수 있다는 지적도 나온다. 교육부는 코로나19 감염 예방을 위해 불가피한 조처라는 입장이다. 교육부는 최대한 수험생에게 방해가 되지 않도록 크기나 시험지를 넘기는 것 등을 고려해 가림막을 준비했다고 설명했다. 이와 관련 일각에서는 가림막이 오히려 수능 응시에 도움이 될 것 같다는 의견도 나온다.  한 수험생은 온라인 커뮤니티에 “앞 사람이 잘 보이지 않아 시험에만 집중할 수 있고, 정작 불편함은 적었다”라고 밝혔다. 상황이 이렇게 되자 수험생이 모인 온라인 커뮤니티에서는 사전에 가림막을 구매해 사용해 본 후기를 나누는 글도 어렵지 않게 찾을 수 있다. 유튜브에서도 가림막 사용 후기 영상이 인기다. 실제로 광주시교육청은 수능 시험장 가림막 책상 영상을 제작, 자체 유튜브에 게시했다. 수험생들의 막연한 불안감을 해소하는 한편 사전 공개를 통해 낯선 시험 환경에 대한 적응력을 높여주기 위함이다.  입시 전문가들은 가능할 경우 가림막을 구해서 직접 체험해보라고 조언했다. 다만, 직접 칸막이 구매가 어려우면 수능 당일 20~30분 일찍 고사실로 가서 칸막이에 적응하는 방법도 있다. 수능 시험 당일은 오전 6시30분부터 시험장 출입이 가능하다./김대성 기자 bigkim@kwangju.co.kr"
28,"한전, 수능 앞두고 1352개 시험장 전력점검",01.Dec.20,http://www.kwangju.co.kr/news_view.php?aid=1606787956709533005,광주일보,내년 2월까지 ‘동계 안정적 전력공급’,"한국전력(대표이사 사장 김종갑)은 1일부터 내년 2월28일까지를 ‘동계 안정적 전력공급 대책 추진기간’으로 지정·운영한다고 밝혔다. 한전은 코로나19 비상상황에 대응하고 겨울철 전력을 안정적으로 공급하기 위해 특별 전력설비 운영대책을 수립했다. 앞서 지난 달 25일 한전은 질병관리청 전력공급설비에 대한 특별점검을 추진했다. 1일부터 국민안심병원, 선별진료소 등 코로나19 대응기관 전력공급설비에 대한 특별점검 및 보강을 시행한다. 또 겨울철 정전피해 예방을 위해 전력구 일제점검과 다중이용시설 변압기 등에 대한 점검·보강을 지속적으로 벌일 방침이다. 지난 달 10일부터는 2021학년도 대학수학능력시험장 무결점 전력공급을 위해 시험장 전력공급설비에 대한 점검을 시행해왔다. 점검 대상은 86개 시험지구 1352개 시험장이다./백희준 기자 bhj@kwangju.co.kr"
29,24년 타이거즈맨 장세홍 코치 “류현진 승승장구 돕겠습니다”,01.Dec.20,http://www.kwangju.co.kr/news_view.php?aid=1606827600709621028,광주일보,"[류현진 전담 트레이너로 새출발 장세홍 전 KIA 코치]
1997년 해태 타이거즈 입사…선수들 부상 관리·회복 크게 기여
류현진 측근 추천으로 성사…“메이저리그 시스템 배울 좋은 기회”","타이거즈에서 23년을 활동한 ‘베테랑 트레이너’ 장세홍 코치가 류현진(토론토 블루제이스)의 전담 트레이너로 새로운 도전에 나선다. 류현진은 지난 2019시즌부터 개인 전담 트레이닝 코치를 통해 전력 극대화를 꾀했다. 김용일 현 LG 트윈스 코치가 2019년 류현진과 호흡을 맞췄고, 올 시즌에는 김병곤 키움 히어로즈 단장 특별보좌와 함께 시즌을 보냈다. 그리고 장 코치가 세 번째 조력자가 돼 ‘코리아 몬스터’의 토론토 도전기를 함께 하게 된다. 사실 두 사람은 ‘남’이다. 장 코치는 “(류현진이) 캐나다에서 들어오기 전에 연락을 받았다. 연락을 받고 놀랐다. 개인적으로 본 적이 없고, 대표팀에서의 인연 그런 것도 없다. 그래서 내가 반대로 어떻게 연락을 하게 됐냐고 묻기도 했다”고 웃었다. 장 코치는 1997년 해태 타이거즈에 입사해 24년 동안 한 팀에서 활동을 해왔다. 부상 선수들, 특히 투수들 관리에서 좋은 평가를 받았고, 류현진은 주변의 추천으로 장 코치를 선택했다. 장 코치는 “많이 고민이 되기는 했다. 지금까지의 생활이 안정적이기도 했지만 팀 소속으로 한계점도 있고, 개인적으로도 변화가 필요했다”며 “좋은 기회라고 생각했다”고 새 도전에 관해 이야기했다. 기대 반 걱정 반의 도전이다. 장 코치는 “(류현진을) 직접 만나보니 피지컬적인 부분도 좋고 장점이 많다. 월드 클래스 선수는 어떨까 궁금하기도 했는데 습득력도 좋다”며 “왼쪽 어깨와 내전근, 왼쪽 골반 등에서 그동안 선수 생활을 하면서 생긴 흔적들이 보였다. 안 쓰려 했던 부분도 보이고, 교정해 나가면 충분히 더 좋아질 수 있을 것 같다”고 이야기했다. 이어 “지금까지 류현진 선수가 최고의 활약을 해왔기 때문에 그걸 유지해야 하는 게 부담이 되기는 한다”며 “3년을 보고 간다. 개인적으로 구단 소속으로 활약할 수 있게 돼서 메이저리그의 전체적인 운영 시스템을 볼 수 있을 것 같다. 좋은 기회로 삼겠다”고 말했다. 장 코치와 류현진은 12월 실내에서 체력·근력 훈련에 전념한 뒤 1월부터는 본격적인 시즌을 준비할 계획이다. 류현진은 매년 캠프 합류에 앞서 따뜻한 일본 오키나와에서 워밍업을 했었지만, 이번에는 코로나 19로 변화가 불가피할 전망이다. 장 코치는 “오키나와에서 운동을 해왔는데 올해는 코로나 때문에 쉽지 않을 것 같다”며 “무조건 도움이 될 수 있도록 많이 준비하고 노력하겠다. 좋았던 것 유지하고 경기력에 더 도움이 될 수 있도록 최선을 다하겠다”고 말했다.  /김여울 기자 wool@kwangju.co.kr"
30,"전남도 일자리 우수기업 20개 선정, 코로나 딛고…고용창출로 사회 기여",01.Dec.20,http://www.kwangju.co.kr/news_view.php?aid=1606815900709552004,광주일보,,"전남도는 코로나19로 인한 어려운 여건속에서도 일자리창출과 고용안정에 기여한 올해 일자리 우수기업 20개를 선정했다.선정된 14개 시·군 20개 기업은 목포 (유)송원이엔지·(주)제이케이중공업, 여수 (주)승진엔지니어링, 순천 (주)두원산업·(주)삼미메탈, 나주 (주)우둥·세라코(주), 광양 쿠로엔시스·(주)일성산업·중앙이엠씨(주), 곡성 (주)금성이앤씨, 구례 (주)쿱농산, 고흥 바이오코프(주)·(유)푸드원, 보성 보성포리테크(주), 장흥 (주)제이엔피, 강진 (주)로우카본, 해남 원광전력(주), 장성 (주)한사랑에프에스, 완도 누리영어조합법인 등이다.특히 나주 (주)우둥 기업은 섬유질 배합사료 등을 생산중인 기업으로 지난 2015년 설립 이후 45명의 지역일자리를 창출했다. 올해 코로나19에 따른 고용한파에도 불구하고 최근 1년간 18명을 정규직으로 채용하기도 했다. 나주시 사랑의 열매 착한기업에 선정되는 등 지역사회에 기여해왔으며, 직원 본인 및 자녀학자금 지원 등 근로 복지 향상에도 앞장서고 있다.선정된 기업은 2000만원의 고용환경개선비용을 지원받게 되며, 12월중 개최예정인 전라남도 일자리·투자유치 한마당에서 인증서와 인증패도 수여된다. 인증기간은 내년 1월부터 2년간이다. 이밖에 전남도 중소기업육성기금 융자한도 우대를 비롯 청년 근속장려금 가산점 지원, 지방세 세무조사 3년 면제 등의 혜택도 받을 수 있다. 올해 일자리 우수기업 인증사업에는 도내 34개 기업이 신청했으며, 서류 및 현장평가, 일자리정책 심의위를 거쳐 20개 기업이 최종 선정됐다. 서류 및 현장평가는 공정성과 객관성을 확보하기 위해 광주전남연구원 일자리평가분석센터에 의뢰해 추진했다.  /윤현석 기자 chadol@kwangju.co.kr"
